id,First_name,Last_name,Email,Contact,Gender,Products,Price,,,
1,Kai,Reyna,kreyna0@cmu.edu,706784281-6,Female,Honor,2.79,,,
2,Charlena,Yedall,cyedall1@nsw.gov.au,225704808-3,Female,Samsung,12.99,,,
3,Ailina,Patters,apatters2@google.es,238096790-3,Genderqueer,Oppo,49.99,,,
4,Jo ann,Crathorne,jcrathorne3@uiuc.edu,935636380-3,Female,Samsung,4.99,,,
5,Baxie,Janc,bjanc4@newsvine.com,583438134-0,Male,Celkon,149.99,,,
6,Matthieu,Hubach,mhubach5@indiegogo.com,413647171-8,Male,Sony,12.99,,,
7,Alec,Madeley,amadeley6@dailymail.co.uk,396057620-X,Male,Xiaomi,4.99,,,
8,Eberhard,Gales,egales7@samsung.com,951326643-5,Male,ZTE,79.99,,,
9,Montague,Frangione,mfrangione8@earthlink.net,413968085-7,Male,alcatel,4.99,,,
10,Garald,Bellworthy,gbellworthy9@purevolume.com,354008485-1,Male,Samsung,4.19,,,
11,Kylie,Zanotti,kzanottia@senate.gov,928523550-6,Male,Acer,4.19,,,
12,Goldia,Wraith,gwraithb@cdc.gov,987585216-3,Female,ZTE,29.99,,,
13,North,Chagg,nchaggc@ycombinator.com,284974829-3,Male,Samsung,3.49,,,
14,Hillier,Grealy,hgrealyd@deliciousdays.com,243486312-4,Male,Micromax,34.99,,,
15,Liv,Lockier,llockiere@who.int,443751339-8,Female,Sony,49.99,,,
16,Barbabra,Goburn,bgoburnf@ftc.gov,727039807-0,Female,Huawei,99.99,,,
17,Ema,Heditch,eheditchg@icq.com,150035985-8,Female,Samsung,3.39,,,
18,Gena,Giannassi,ggiannassih@gravatar.com,134874057-4,Female,Philips,3.49,,,
19,Forrester,D'Emanuele,fdemanuelei@prweb.com,465443670-7,Bigender,Asus,4.99,,,
20,Garvey,Andreoletti,gandreolettij@etsy.com,022645110-0,Male,Lava,2.99,,,
21,Christin,Cochrane,ccochranek@fema.gov,892451233-1,Female,Motorola,5.49,,,
22,Gabbey,Kenward,gkenwardl@gizmodo.com,918945616-5,Female,vivo,22.99,,,
23,Clareta,Dallison,cdallisonm@sciencedaily.com,855338161-7,Female,Microsoft,34.99,,,
24,Bobine,Startin,bstartinn@simplemachines.org,935411080-0,Female,Prestigio,4.49,,,
25,Dilan,Stennes,dstenneso@ycombinator.com,889558111-3,Male,Toshiba,2.99,,,
26,Brietta,Slucock,bslucockp@rakuten.co.jp,232154146-6,Female,alcatel,5.49,,,
27,Delcina,Guillard,dguillardq@github.io,080484409-7,Female,Samsung,3.99,,,
28,Kane,Wolseley,kwolseleyr@addthis.com,243539994-4,Male,Huawei,2.99,,,
29,Leora,Greenshiels,lgreenshielss@soundcloud.com,368822350-0,Female,alcatel,22.99,,,
30,Aluin,Piele,apielet@unblog.fr,700349018-8,Male,Sewon,3.49,,,
31,Barret,Daouse,bdaouseu@ovh.net,054120972-8,Male,Samsung,3.99,,,
32,Davidson,Simoncini,dsimonciniv@mashable.com,826165118-5,Male,Prestigio,12.99,,,
33,Hewitt,Jersch,hjerschw@alexa.com,565641743-3,Male,alcatel,4.29,,,
34,Deck,Willerstone,dwillerstonex@sun.com,109998855-1,Male,Samsung,10.99,,,
35,Herman,Escoffrey,hescoffreyy@reddit.com,355824575-X,Male,Amoi,24.99,,,
36,Milton,Hub,mhubz@posterous.com,546528310-6,Male,LG,14.99,,,
37,Shawn,Mazey,smazey10@cisco.com,116685910-X,Male,Sony,14.99,,,
38,Warde,MacPake,wmacpake11@upenn.edu,733647575-2,Male,Realme,4.49,,,
39,Lee,Karpenya,lkarpenya12@reverbnation.com,227253474-0,Female,XOLO,29.99,,,
40,Starr,Naismith,snaismith13@upenn.edu,437290032-5,Female,alcatel,18.99,,,
41,Meggy,Baptist,mbaptist14@blogs.com,665580101-X,Female,HTC,15.99,,,
42,Isac,Maly,imaly15@google.com,788208049-7,Male,Samsung,9.99,,,
43,Pennie,Quenell,pquenell16@intel.com,097828788-6,Male,Motorola,19.99,,,
44,Sela,Bursell,sbursell17@phpbb.com,323388953-4,Female,Realme,19.99,,,
45,Sharla,Crocetto,scrocetto18@mapquest.com,715062845-1,Female,Celkon,24.99,,,
46,Gothart,Van Hove,gvanhove19@wordpress.com,283784694-5,Male,Sony,24.99,,,
47,Carlynn,Meddings,cmeddings1a@nasa.gov,975921679-5,Female,Xiaomi,14.99,,,
48,Wiley,Snalum,wsnalum1b@go.com,050422393-3,Male,Nokia,2.49,,,
49,Barron,Syce,bsyce1c@answers.com,482945924-7,Polygender,Huawei,3.29,,,
50,Consuelo,Prawle,cprawle1d@forbes.com,851302717-0,Female,Samsung,24.99,,,
51,Lowell,Kimbrough,lkimbrough1e@huffingtonpost.com,770098118-3,Male,ZTE,4.29,,,
52,Carlo,Twentyman,ctwentyman1f@umich.edu,270864958-2,Male,Gigabyte,199.99,,,
53,Kenyon,Flott,kflott1g@state.gov,758914030-9,Male,Apple,29.99,,,
54,Ernestine,Bubbear,ebubbear1h@php.net,937006169-X,Bigender,Huawei,5.49,,,
55,Bron,Shrive,bshrive1i@etsy.com,857091024-X,Male,Huawei,4.49,,,
56,Merissa,Suttle,msuttle1j@themeforest.net,399281003-8,Female,Samsung,24.99,,,
57,Thaddeus,Cokly,tcokly1k@blogs.com,488293396-9,Male,alcatel,49.99,,,
58,Hillel,Delaprelle,hdelaprelle1l@symantec.com,259323275-7,Male,LG,15.99,,,
59,Maye,Fogt,mfogt1m@cisco.com,966620338-3,Female,Amoi,4.49,,,
60,Hillyer,Stancliffe,hstancliffe1n@ovh.net,389353177-7,Male,WND,29.99,,,
61,Kylila,Tibald,ktibald1o@hud.gov,532681125-1,Female,Sony,3.99,,,
62,Isacco,Fyldes,ifyldes1p@people.com.cn,333023004-5,Polygender,BlackBerry,79.99,,,
63,Jodie,Espadater,jespadater1q@so-net.ne.jp,812611457-6,Female,Gigabyte,49.99,,,
64,Linnie,Easdon,leasdon1r@github.io,656189083-3,Female,ZTE,3.39,,,
65,Kiele,Bumphrey,kbumphrey1s@aol.com,731896001-6,Female,Philips,19.99,,,
66,Cornell,Walewicz,cwalewicz1t@friendfeed.com,551700638-8,Male,Samsung,39.99,,,
67,Tommy,Westcott,twestcott1u@msu.edu,943874661-7,Male,Allview,5.99,,,
68,Murdock,McCarthy,mmccarthy1v@ocn.ne.jp,890339172-1,Male,Telit,3.79,,,
69,Emmaline,Cashman,ecashman1w@altervista.org,658899993-3,Female,Samsung,6.49,,,
70,Albert,Brant,abrant1x@g.co,385506241-2,Male,HTC,79.99,,,
71,Stacy,Bunch,sbunch1y@amazon.co.uk,417621592-5,Female,Pantech,3.59,,,
72,Jone,Geeves,jgeeves1z@msn.com,091769159-8,Male,O2,54.99,,,
73,Malachi,Dallyn,mdallyn20@vkontakte.ru,749639857-8,Male,Sony,2.49,,,
74,Twila,Macbeth,tmacbeth21@amazonaws.com,384668805-3,Female,Allview,2.49,,,
75,Gerladina,Millhouse,gmillhouse22@cornell.edu,412627925-3,Female,Vertu,3.99,,,
76,Ash,Wicher,awicher23@so-net.ne.jp,017279209-6,Male,Samsung,3.99,,,
77,Braden,Goom,bgoom24@mediafire.com,687555446-1,Male,Lava,149.99,,,
78,Sidnee,Fores,sfores25@goo.ne.jp,001171719-X,Male,Asus,4.5,,,
79,Kari,Semmens,ksemmens26@java.com,895834956-5,Female,HTC,3.89,,,
80,Lotta,Hammant,lhammant27@ca.gov,256114094-6,Polygender,Nokia,4.59,,,
81,Demetrius,Ligerton,dligerton28@europa.eu,222565906-0,Male,Lenovo,25.99,,,
82,Barrie,Binyon,bbinyon29@netscape.com,068109768-X,Agender,Micromax,49.99,,,
83,Alie,Elkin,aelkin2a@google.com,860399314-9,Genderfluid,alcatel,2.39,,,
84,Sandy,Slorance,sslorance2b@angelfire.com,665823295-4,Male,Wiko,15.99,,,
85,Raina,McDool,rmcdool2c@ning.com,171829179-5,Female,Cat,39.99,,,
86,Cully,Hellwich,chellwich2d@unblog.fr,476083716-7,Polygender,Oppo,15.99,,,
87,Rodolfo,Bassingden,rbassingden2e@so-net.ne.jp,183383576-X,Male,Samsung,1.99,,,
88,Cari,Allenby,callenby2f@youtube.com,733103678-5,Female,BLU,5.99,,,
89,Byrom,Riha,briha2g@cnet.com,848613508-7,Male,Prestigio,2.89,,,
90,Marrilee,Aldhouse,maldhouse2h@vinaora.com,301404215-3,Female,alcatel,2.99,,,
91,Franciskus,Huddy,fhuddy2i@google.co.jp,617572588-3,Male,BLU,12.99,,,
92,Odella,Kleanthous,okleanthous2j@photobucket.com,559891239-2,Female,Sony,24.99,,,
93,Valerye,Desorts,vdesorts2k@naver.com,128961549-7,Female,Samsung,29.99,,,
94,Darda,Perott,dperott2l@census.gov,082433630-5,Female,LG,32.99,,,
95,Venus,Winnett,vwinnett2m@odnoklassniki.ru,355742704-8,Female,Huawei,4.99,,,
96,Noll,Eginton,neginton2n@shop-pro.jp,439498383-5,Male,Ericsson,12.99,,,
97,Jessalyn,Wykey,jwykey2o@myspace.com,812780275-1,Female,Amazon,99.99,,,
98,Bay,Jakuszewski,bjakuszewski2p@sogou.com,121367617-7,Male,Honor,49.99,,,
99,Auroora,Aisman,aaisman2q@latimes.com,377119911-5,Female,Oppo,3.49,,,
100,Sylas,Fleckno,sfleckno2r@unc.edu,755571392-6,Male,OnePlus,39.99,,,
101,Gran,Hlavecek,ghlavecek2s@facebook.com,545551020-7,Male,Gigabyte,24.99,,,
102,Peirce,Pairpoint,ppairpoint2t@networksolutions.com,427404063-1,Male,Maxwest,3.99,,,
103,Milena,Atwater,matwater2u@over-blog.com,970559381-7,Female,Huawei,3.99,,,
104,Had,Charlton,hcharlton2v@amazonaws.com,720358815-7,Male,Nokia,8.99,,,
105,Cam,Falcus,cfalcus2w@paginegialle.it,451133346-7,Female,BLU,8.99,,,
106,Britt,Dioniso,bdioniso2x@moonfruit.com,363244512-5,Male,LG,89.99,,,
107,Elka,Van Velden,evanvelden2y@slate.com,101509284-5,Agender,Lava,6.49,,,
108,Care,Jendrusch,cjendrusch2z@princeton.edu,304836139-1,Male,Samsung,49.99,,,
109,Tobey,Sambedge,tsambedge30@moonfruit.com,734672940-4,Non-binary,Posh,19.99,,,
110,Lou,Figgs,lfiggs31@google.cn,877187546-8,Female,Celkon,49.99,,,
111,Laurent,Kennon,lkennon32@reddit.com,336167923-0,Male,BLU,24.99,,,
112,Nero,Conen,nconen33@livejournal.com,744378027-3,Male,BLU,27.99,,,
113,Elsworth,Boland,eboland34@china.com.cn,249924077-6,Male,Honor,99.99,,,
114,Manny,Chaffe,mchaffe35@joomla.org,760906863-2,Male,Honor,39.99,,,
115,Carlin,Martinec,cmartinec36@squidoo.com,388039879-8,Female,LG,3.29,,,
116,Dee dee,Olenin,dolenin37@oracle.com,046221156-8,Female,Samsung,29.99,,,
117,Suzie,Stanway,sstanway38@dagondesign.com,564832406-5,Female,Panasonic,3.29,,,
118,Chip,Josephi,cjosephi39@cmu.edu,875797962-6,Male,Nokia,8.99,,,
119,Josy,Searson,jsearson3a@comcast.net,646010107-8,Female,Samsung,49.99,,,
120,Jarrett,Flawith,jflawith3b@zimbio.com,761881043-5,Male,Huawei,34.99,,,
121,Brigham,Piffe,bpiffe3c@comsenz.com,840802724-7,Male,Samsung,19.99,,,
122,Peta,Gamlin,pgamlin3d@nbcnews.com,005750979-4,Female,Samsung,4.99,,,
123,Leif,Pinare,lpinare3e@ed.gov,267261799-6,Male,Xiaomi,19.99,,,
124,Richardo,Aloshechkin,raloshechkin3f@squarespace.com,684967527-3,Male,Ulefone,19.99,,,
125,Ellswerth,Dellit,edellit3g@ucoz.com,683780324-7,Male,Honor,6.49,,,
126,Edee,Sudddard,esudddard3h@ezinearticles.com,925070718-5,Agender,Archos,9.99,,,
127,Amil,Parmby,aparmby3i@google.nl,815678604-1,Female,Asus,12.99,,,
128,Evie,Huge,ehuge3j@booking.com,450553993-8,Female,alcatel,29.99,,,
129,Gui,Seamons,gseamons3k@huffingtonpost.com,081582934-5,Female,Nokia,149.99,,,
130,Otto,Nolot,onolot3l@ovh.net,794714844-9,Male,Samsung,2.99,,,
131,Shelley,Maggiori,smaggiori3m@oaic.gov.au,022410544-2,Male,Nokia,19.99,,,
132,Thaine,Dowzell,tdowzell3n@parallels.com,345018351-6,Male,HTC,79.99,,,
133,Noella,Noah,nnoah3o@usgs.gov,256192439-4,Female,Micromax,15.99,,,
134,Ivie,Jolland,ijolland3p@icq.com,724375692-1,Female,Siemens,5.99,,,
135,Damaris,Lawleff,dlawleff3q@netlog.com,377945977-9,Female,Huawei,39.99,,,
136,Page,Pead,ppead3r@va.gov,739724785-7,Genderfluid,Acer,99.99,,,
137,Hertha,Bowne,hbowne3s@google.co.uk,869482214-8,Genderqueer,Philips,49.99,,,
138,Solomon,Standbrook,sstandbrook3t@themeforest.net,170834637-6,Male,LG,34.99,,,
139,Dita,Hayhoe,dhayhoe3u@shareasale.com,535223136-4,Female,Siemens,8.99,,,
140,Cherye,Hayer,chayer3v@slate.com,170448794-3,Female,alcatel,3.29,,,
141,Baryram,Dust,bdust3w@friendfeed.com,544551626-1,Male,Samsung,12.99,,,
142,Vinnie,Samsonsen,vsamsonsen3x@desdev.cn,482987558-5,Male,LG,0.99,,,
143,Honey,Godlee,hgodlee3y@ebay.com,591127307-1,Female,QMobile,24.99,,,
144,Bald,McConigal,bmcconigal3z@github.io,581644529-4,Male,Huawei,26.99,,,
145,Rollin,Lambis,rlambis40@woothemes.com,297222677-1,Male,Samsung,49.99,,,
146,Dynah,Benedetti,dbenedetti41@comsenz.com,147771793-5,Female,Celkon,4.29,,,
147,Hanna,Dalli,hdalli42@narod.ru,359826068-7,Female,Samsung,2.49,,,
148,Easter,Bett,ebett43@ucoz.ru,220161127-0,Genderfluid,Panasonic,4.99,,,
149,Deb,Cecchi,dcecchi44@stanford.edu,112858462-X,Female,Sony,49.99,,,
150,Ralph,Vallens,rvallens45@blogs.com,877635604-3,Male,Samsung,4.29,,,
151,Collin,Wisbey,cwisbey46@reuters.com,269358759-X,Male,Samsung,2.99,,,
152,Othelia,Gellan,ogellan47@bbb.org,107664559-3,Female,Vodafone,35,,,
153,Dorry,Leipold,dleipold48@microsoft.com,708268311-1,Female,Sony,2.99,,,
154,Kym,O'Currigan,kocurrigan49@123-reg.co.uk,124443960-6,Female,Spice,39.99,,,
155,Stuart,Bubear,sbubear4a@wikispaces.com,037731012-3,Male,Motorola,2.49,,,
156,Aimil,Rushe,arushe4b@ihg.com,208518538-X,Female,Motorola,2.99,,,
157,Cacilia,Mitkov,cmitkov4c@cargocollective.com,252455626-3,Polygender,Philips,4.79,,,
158,Gerardo,Regnard,gregnard4d@prweb.com,215854100-8,Male,Motorola,4.79,,,
159,Chere,Newborn,cnewborn4e@tmall.com,436076551-7,Female,Xiaomi,15.99,,,
160,Debbi,Glassford,dglassford4f@samsung.com,710293480-7,Female,Maxon,24.99,,,
161,Adrianne,Andreotti,aandreotti4g@ebay.co.uk,872318272-5,Bigender,vivo,15.99,,,
162,Dare,Greguoli,dgreguoli4h@tiny.cc,632706175-3,Male,Samsung,29.99,,,
163,Chiquia,Southway,csouthway4i@shutterfly.com,435734741-6,Female,verykool,79.99,,,
164,Smith,Cornall,scornall4j@latimes.com,536559489-4,Male,Spice,4.99,,,
165,Stephannie,Whitebread,swhitebread4k@blogspot.com,051206957-3,Female,Mitac,29.99,,,
166,Thaxter,Gomm,tgomm4l@mediafire.com,040744165-4,Male,Siemens,1.99,,,
167,Fran,Jackalin,fjackalin4m@wikia.com,619600836-6,Female,NEC,2.79,,,
168,Hannah,Kegg,hkegg4n@cyberchimps.com,059816050-7,Female,Micromax,59.99,,,
169,Lishe,Gillett,lgillett4o@ow.ly,373329587-0,Female,BlackBerry,89.99,,,
170,Eward,Canland,ecanland4p@arstechnica.com,820559136-9,Male,Celkon,19.99,,,
171,Huey,Crusham,hcrusham4q@sina.com.cn,913960523-X,Male,NEC,34.99,,,
172,Louie,Axelby,laxelby4r@cdbaby.com,612804612-6,Male,BLU,4.99,,,
173,Glendon,Pavis,gpavis4s@senate.gov,476276868-5,Male,Karbonn,2.99,,,
174,Whittaker,Snelgar,wsnelgar4t@toplist.cz,855288074-1,Male,Samsung,299.99,,,
175,Loralee,Baake,lbaake4u@imdb.com,526825630-0,Non-binary,Infinix,89.99,,,
176,Douglas,Mosten,dmosten4v@vk.com,244893784-2,Agender,Google,18.99,,,
177,Maureen,Trulock,mtrulock4w@hostgator.com,884916702-4,Female,BLU,5.49,,,
178,Editha,Casiero,ecasiero4x@smh.com.au,351369151-3,Female,alcatel,7.49,,,
179,Siffre,Damiral,sdamiral4y@technorati.com,625387833-6,Male,Eten,1.5,,,
180,Sherlock,Ilyenko,silyenko4z@cargocollective.com,899196496-6,Male,Asus,19.99,,,
181,Franny,O'Hartigan,fohartigan50@nature.com,993025798-5,Male,Plum,99.99,,,
182,Dennet,Egell,degell51@oaic.gov.au,149199313-8,Genderfluid,ZTE,4.99,,,
183,Tobin,Evason,tevason52@pcworld.com,522874246-8,Male,verykool,59.99,,,
184,Dolph,Lardier,dlardier53@prweb.com,145029002-7,Male,Samsung,29.99,,,
185,Darren,Mufford,dmufford54@cbc.ca,175336156-7,Male,Ericsson,24.99,,,
186,Hunfredo,Sargant,hsargant55@t-online.de,238725767-7,Male,Coolpad,79.99,,,
187,Shanna,Frosdick,sfrosdick56@furl.net,063307767-4,Female,alcatel,39.99,,,
188,Ailbert,Siccombe,asiccombe57@google.com.hk,373731132-3,Male,Samsung,59.99,,,
189,Marcos,Stoffer,mstoffer58@nytimes.com,627716145-8,Male,Samsung,3.99,,,
190,Nannie,Skettles,nskettles59@hatena.ne.jp,907437791-2,Agender,Micromax,34.99,,,
191,Goraud,Stobie,gstobie5a@tinypic.com,344663769-9,Male,LG,5.89,,,
192,Pearce,Grubbe,pgrubbe5b@si.edu,813599963-1,Male,Sony,39.99,,,
193,Loleta,Espie,lespie5c@archive.org,876959175-X,Female,Gionee,89.99,,,
194,Gussy,Poutress,gpoutress5d@comcast.net,942513058-2,Non-binary,Spice,7.99,,,
195,Carl,MacHoste,cmachoste5e@wikia.com,116237595-7,Male,Celkon,2.49,,,
196,Hodge,Schubert,hschubert5f@dot.gov,681944550-4,Male,Motorola,22.99,,,
197,Kare,Dicky,kdicky5g@taobao.com,887881682-5,Female,Xiaomi,2.99,,,
198,Floris,Jellett,fjellett5h@msn.com,594304085-4,Female,Vertu,4.99,,,
199,Emlyn,O'Shesnan,eoshesnan5i@dedecms.com,631879878-1,Male,BLU,19.99,,,
200,Cobby,Pulhoster,cpulhoster5j@discuz.net,915785627-3,Male,Motorola,29.99,,,
201,Elvera,De Winton,edewinton5k@netlog.com,427715979-6,Female,Plum,4.99,,,
202,Fielding,Heyns,fheyns5l@tripadvisor.com,720479618-7,Male,Ulefone,44.99,,,
203,Chucho,Emlin,cemlin5m@instagram.com,115318819-8,Genderfluid,Gionee,5.49,,,
204,Gregoire,Sultana,gsultana5n@addtoany.com,511653180-5,Male,LG,3.49,,,
205,Laverne,Gellett,lgellett5o@odnoklassniki.ru,780556100-1,Agender,Honor,6.29,,,
206,Nicolais,Bartolic,nbartolic5p@delicious.com,451974875-5,Male,LG,34.99,,,
207,Noreen,Leborgne,nleborgne5q@mysql.com,545573040-1,Female,Nokia,3.29,,,
208,Durante,McIvor,dmcivor5r@ask.com,773567305-1,Male,ZTE,24.99,,,
209,Carlo,Haynesford,chaynesford5s@ucoz.com,870012915-1,Male,verykool,29.99,,,
210,Peria,Feben,pfeben5t@topsy.com,651503049-5,Female,Lenovo,19.99,,,
211,Marcelo,MacFadin,mmacfadin5u@cdbaby.com,185041725-3,Male,Realme,2.29,,,
212,Bevon,Berens,bberens5v@bluehost.com,532239808-2,Male,Samsung,299.99,,,
213,Lyndel,Duffin,lduffin5w@blog.com,023840959-7,Genderqueer,Spice,15.99,,,
214,Marlee,Lucus,mlucus5x@ft.com,352549394-0,Female,Panasonic,7.99,,,
215,Giffer,Gilluley,ggilluley5y@washingtonpost.com,449125579-2,Male,alcatel,39.99,,,
216,Malissa,Noddle,mnoddle5z@issuu.com,157198102-0,Female,Nokia,2.49,,,
217,Vic,Gerold,vgerold60@myspace.com,246410754-9,Male,Pantech,3.49,,,
218,Tuckie,Berg,tberg61@nytimes.com,738099847-1,Male,Samsung,10.99,,,
219,Evelyn,Dark,edark62@baidu.com,096200742-0,Male,ZTE,139.99,,,
220,Krystyna,Lamont,klamont63@instagram.com,562407349-6,Agender,Realme,39.99,,,
221,Brigham,MacCartney,bmaccartney64@techcrunch.com,290770823-6,Male,verykool,15.99,,,
222,Leo,Westmoreland,lwestmoreland65@marriott.com,412444295-5,Bigender,Vodafone,49.99,,,
223,Lauritz,Pigeram,lpigeram66@rediff.com,694966524-5,Male,Celkon,1.89,,,
224,Ericka,Hebditch,ehebditch67@theglobeandmail.com,462427828-3,Female,Panasonic,9.99,,,
225,Leonerd,Zettoi,lzettoi68@trellian.com,329124538-5,Male,BLU,12.99,,,
226,Darn,Dressell,ddressell69@webs.com,100683929-1,Male,HTC,16.99,,,
227,Ritchie,Vickars,rvickars6a@google.ca,414109245-2,Genderfluid,Acer,49.99,,,
228,Jackqueline,Wildber,jwildber6b@example.com,552486448-3,Female,LG,5.49,,,
229,Whitney,Records,wrecords6c@chicagotribune.com,823876045-3,Male,HTC,19.99,,,
230,Celisse,Culmer,cculmer6d@alibaba.com,078337148-9,Female,Spice,39.99,,,
231,Cody,Potkins,cpotkins6e@japanpost.jp,014134769-4,Female,Bird,34.99,,,
232,Veronike,Abelevitz,vabelevitz6f@geocities.jp,085598149-0,Female,BlackBerry,199.99,,,
233,Maddi,Duddell,mduddell6g@nhs.uk,757561396-X,Female,Samsung,2.39,,,
234,Kathleen,Sidworth,ksidworth6h@salon.com,166466095-X,Female,Samsung,2.99,,,
235,Odelle,Berthon,oberthon6i@1und1.de,148546280-0,Female,OnePlus,9.99,,,
236,Keely,O'Donovan,kodonovan6j@mapquest.com,834281025-9,Female,BLU,6.49,,,
237,Barbie,Vanezis,bvanezis6k@eventbrite.com,799820856-2,Bigender,Sony,39.99,,,
238,Ivory,Ferrierio,iferrierio6l@imgur.com,134648947-5,Polygender,Asus,24.99,,,
239,Ceil,Kynd,ckynd6m@miitbeian.gov.cn,489255089-2,Genderqueer,Spice,79.99,,,
240,Gerianna,Penkethman,gpenkethman6n@ucoz.com,139215381-6,Female,alcatel,4.99,,,
241,Valma,Gridley,vgridley6o@163.com,988207373-5,Female,Samsung,24.99,,,
242,Palm,Uccelli,puccelli6p@loc.gov,565208685-8,Male,Motorola,19.99,,,
243,Brier,Beetles,bbeetles6q@independent.co.uk,539064122-1,Female,BLU,3.29,,,
244,Mei,Emer,memer6r@army.mil,450163408-1,Female,ZTE,3.49,,,
245,Lynnelle,Margery,lmargery6s@elpais.com,973077465-X,Female,Allview,2.49,,,
246,Blake,Custy,bcusty6t@ask.com,686023618-3,Male,Samsung,149.99,,,
247,Anabella,Sleep,asleep6u@bandcamp.com,291521996-6,Female,Maxwest,2.99,,,
248,Filbert,Lathy,flathy6v@who.int,557978777-4,Polygender,Samsung,1.99,,,
249,Reta,Nozzolinii,rnozzolinii6w@prnewswire.com,270002046-4,Genderfluid,Meizu,5.99,,,
250,Deloria,Boyland,dboyland6x@deliciousdays.com,242059514-9,Female,Huawei,3.99,,,
251,Bordie,Pavel,bpavel6y@sakura.ne.jp,976675316-4,Agender,Huawei,29.99,,,
252,Quinn,Ruslin,qruslin6z@dmoz.org,086880461-4,Male,Modu,49.99,,,
253,Kimble,Kadwallider,kkadwallider70@quantcast.com,592572998-6,Male,XOLO,45.99,,,
254,Ellary,Proske,eproske71@samsung.com,088672971-8,Male,Samsung,2.49,,,
255,Camel,Sail,csail72@bigcartel.com,643039846-3,Female,Philips,2.99,,,
256,Cordell,Richichi,crichichi73@prweb.com,531476059-2,Male,Samsung,5.99,,,
257,Dino,Tibald,dtibald74@alexa.com,081506910-3,Male,Samsung,5.49,,,
258,Rosamond,Moberley,rmoberley75@google.pl,547552705-9,Female,Huawei,199.99,,,
259,Lauretta,Discombe,ldiscombe76@51.la,710285541-9,Female,i-mate,15.99,,,
260,Waverley,Schankel,wschankel77@nba.com,418490303-7,Male,Micromax,1.99,,,
261,Aile,MacCallum,amaccallum78@npr.org,058821552-X,Female,Motorola,2.29,,,
262,Claudio,Cadigan,ccadigan79@merriam-webster.com,712349822-4,Male,Nokia,14.99,,,
263,Carole,Purkiss,cpurkiss7a@dailymotion.com,001823738-X,Female,Samsung,4.99,,,
264,Randie,Margerison,rmargerison7b@drupal.org,110764401-1,Female,verykool,6.99,,,
265,Octavius,Joontjes,ojoontjes7c@last.fm,163347004-0,Male,Motorola,3.99,,,
266,Cathrine,Piechnik,cpiechnik7d@nhs.uk,206851973-9,Female,Meizu,24.99,,,
267,Alberta,Calvert,acalvert7e@moonfruit.com,057777204-X,Female,ZTE,79.99,,,
268,Rubetta,Pallas,rpallas7f@tumblr.com,338787490-1,Female,BLU,9.99,,,
269,Ginni,Newberry,gnewberry7g@guardian.co.uk,365117346-1,Female,alcatel,4.99,,,
270,Crissie,Daber,cdaber7h@admin.ch,182119342-3,Female,ZTE,3.99,,,
271,Thatcher,Eich,teich7i@dion.ne.jp,672297852-4,Male,Samsung,2.99,,,
272,Desiri,Farmer,dfarmer7j@webs.com,135488746-8,Female,BLU,3.99,,,
273,Clerc,McCorrie,cmccorrie7k@house.gov,577754222-0,Male,HTC,1.99,,,
274,Kara,Duling,kduling7l@exblog.jp,496653466-6,Female,vivo,22.99,,,
275,Max,Instock,minstock7m@hubpages.com,942042001-9,Male,Coolpad,4.99,,,
276,Beitris,Gianninotti,bgianninotti7n@sogou.com,234908485-X,Female,Sony,5.99,,,
277,Spencer,Truett,struett7o@github.com,077714627-4,Male,Apple,4.99,,,
278,Reggi,Brenton,rbrenton7p@spotify.com,522905573-1,Genderqueer,Gigabyte,5.99,,,
279,Trude,Bricknell,tbricknell7q@army.mil,559267198-9,Female,Sony,54.99,,,
280,Sammy,Cooke,scooke7r@123-reg.co.uk,679567444-4,Female,HP,2.99,,,
281,Dalston,Halso,dhalso7s@vk.com,270562577-1,Male,Apple,19.99,,,
282,Hunt,Rintoul,hrintoul7t@phpbb.com,266504653-9,Male,Honor,8.99,,,
283,Osborne,O'Shesnan,ooshesnan7u@apple.com,406499499-X,Male,verykool,6.49,,,
284,Alasteir,Clail,aclail7v@paypal.com,833536822-8,Male,Gionee,24.99,,,
285,Jamey,Macilhench,jmacilhench7w@w3.org,054240220-3,Male,Samsung,39.99,,,
286,Garvin,Coke,gcoke7x@amazon.co.uk,907991580-7,Male,Micromax,2.49,,,
287,Margarette,Pedrocco,mpedrocco7y@domainmarket.com,278428121-3,Female,Celkon,19.99,,,
288,Mano,Macken,mmacken7z@bluehost.com,297967083-9,Male,Samsung,24.99,,,
289,Ned,Boustead,nboustead80@apple.com,503415590-7,Genderfluid,Motorola,1.49,,,
290,Eleanora,Beckerleg,ebeckerleg81@flavors.me,658475737-4,Female,Micromax,14.99,,,
291,Eldon,Burgisi,eburgisi82@yandex.ru,041628614-3,Male,Lenovo,2.49,,,
292,Mordy,Colebeck,mcolebeck83@jimdo.com,187517247-5,Male,Philips,12.99,,,
293,Brenn,Showler,bshowler84@google.de,261328997-X,Female,Motorola,39.99,,,
294,Brynna,Hinze,bhinze85@woothemes.com,284729806-1,Female,LG,6.99,,,
295,Riannon,Eagers,reagers86@weebly.com,990614892-6,Female,Sendo,3.29,,,
296,Shelbi,Andrys,sandrys87@cbslocal.com,819360183-1,Female,Honor,3.49,,,
297,Nissie,Berthome,nberthome88@businesswire.com,473282951-1,Female,Innostream,9.99,,,
298,Janot,O'Bradden,jobradden89@amazon.com,003101513-1,Female,ZTE,59.99,,,
299,Sigismund,Coffelt,scoffelt8a@cornell.edu,896919145-3,Male,Vertu,9.99,,,
300,Cristin,Bradder,cbradder8b@sciencedirect.com,698874921-7,Female,HTC,24.99,,,
301,Ferd,Winnett,fwinnett8c@nymag.com,471446434-5,Male,Pantech,5.99,,,
302,Hernando,Detoile,hdetoile8d@zdnet.com,824847918-8,Male,Nokia,24.99,,,
303,Virgie,Masterman,vmasterman8e@alibaba.com,570274783-6,Male,Huawei,15.99,,,
304,Mariquilla,Bordone,mbordone8f@wordpress.org,403219298-7,Female,LG,3.79,,,
305,Sula,Ruggier,sruggier8g@timesonline.co.uk,710695618-X,Female,Motorola,12.99,,,
306,Bondy,MacDougal,bmacdougal8h@hhs.gov,650605582-0,Male,HTC,39.99,,,
307,Any,Waterland,awaterland8i@ebay.co.uk,828496693-X,Male,alcatel,8.99,,,
308,Daile,Conyers,dconyers8j@ted.com,768007706-1,Female,Huawei,1.99,,,
309,George,Fisbburne,gfisbburne8k@google.com.br,947994951-2,Male,Motorola,2.99,,,
310,Marion,Messham,mmessham8l@ow.ly,907970211-0,Male,vivo,4.29,,,
311,Stanislaus,Childerley,schilderley8m@google.nl,625251955-3,Male,Plum,2.49,,,
312,Tabbi,Foskew,tfoskew8n@toplist.cz,626887178-2,Female,BLU,9.99,,,
313,Ripley,Drowsfield,rdrowsfield8o@youtu.be,482500023-1,Male,Huawei,4.29,,,
314,Ermengarde,Stickland,estickland8p@feedburner.com,659359227-7,Female,Spice,2.29,,,
315,Saw,Ison,sison8q@1688.com,653411757-6,Male,LG,5.99,,,
316,Price,Tincombe,ptincombe8r@alexa.com,870388535-6,Male,Micromax,5.99,,,
317,Bonnee,Vynarde,bvynarde8s@indiegogo.com,520595988-6,Female,Allview,7.49,,,
318,Markos,Asplen,masplen8t@blogtalkradio.com,693040268-0,Male,Nokia,4.49,,,
319,Britt,Gillie,bgillie8u@ehow.com,222243646-X,Female,Sony,39.99,,,
320,Clemmy,Coady,ccoady8v@hugedomains.com,465399625-3,Female,XOLO,12.99,,,
321,Kale,Absolem,kabsolem8w@youku.com,370680501-4,Male,Plum,1.99,,,
322,Greg,Gomm,ggomm8x@technorati.com,401124843-6,Male,Lenovo,99.99,,,
323,Stephannie,Nutbeem,snutbeem8y@mozilla.org,604539090-3,Female,LG,49.99,,,
324,Corny,Pladen,cpladen8z@webnode.com,627139053-6,Female,Samsung,3.49,,,
325,Aveline,Wimpenny,awimpenny90@ftc.gov,785588165-4,Female,Celkon,24.99,,,
326,Jeannine,Pymm,jpymm91@independent.co.uk,202601198-2,Female,ZTE,4.99,,,
327,Francklin,Veysey,fveysey92@japanpost.jp,848360947-9,Male,Gionee,89.99,,,
328,Maximilian,Conneau,mconneau93@mashable.com,407733881-6,Male,Maxon,59.99,,,
329,Radcliffe,Peskin,rpeskin94@google.ca,608882832-3,Male,Xiaomi,5.99,,,
330,Gustav,Dominelli,gdominelli95@google.de,134966658-0,Male,Maxwest,9.49,,,
331,Pavla,Robley,probley96@wufoo.com,576535237-5,Female,BLU,34.99,,,
332,Westley,Mowat,wmowat97@cocolog-nifty.com,150786677-1,Genderfluid,Samsung,39.99,,,
333,Nissa,MacKaig,nmackaig98@wunderground.com,256480580-9,Female,Ericsson,29.99,,,
334,Ulrick,Tallquist,utallquist99@woothemes.com,186757508-6,Male,Samsung,49.99,,,
335,Hetti,Garside,hgarside9a@google.com.au,967920235-6,Female,BlackBerry,39.99,,,
336,Emilie,Liston,eliston9b@csmonitor.com,349005497-0,Female,Acer,3.99,,,
337,Barr,Diaper,bdiaper9c@europa.eu,454796143-3,Male,QMobile,4.19,,,
338,Benny,Casino,bcasino9d@sbwire.com,932952172-X,Male,ZTE,29.99,,,
339,Mariele,Davydenko,mdavydenko9e@baidu.com,859608900-4,Female,Samsung,3.49,,,
340,Rebe,Manley,rmanley9f@godaddy.com,546394898-4,Female,Lenovo,1.79,,,
341,Karel,Cossem,kcossem9g@hugedomains.com,047828424-1,Male,vivo,39.99,,,
342,Vaughan,Sammonds,vsammonds9h@spotify.com,281157965-6,Male,Siemens,12.99,,,
343,Adrienne,Laddle,aladdle9i@rediff.com,231369686-3,Female,Celkon,29.99,,,
344,Ulises,Dunseath,udunseath9j@npr.org,661087591-X,Non-binary,Lenovo,19.99,,,
345,Wilhelmine,Petrulis,wpetrulis9k@sohu.com,128089392-3,Female,alcatel,12.99,,,
346,Mal,Estick,mestick9l@businessweek.com,903094970-8,Male,Sony,2.89,,,
347,Geoffrey,Boyett,gboyett9m@simplemachines.org,319998174-7,Non-binary,Tecno,14.99,,,
348,Mischa,Colcutt,mcolcutt9n@eepurl.com,050839243-8,Male,Spice,15.99,,,
349,Cindy,Wippermann,cwippermann9o@surveymonkey.com,186088554-3,Non-binary,Haier,79.99,,,
350,Mohandas,Pontain,mpontain9p@sciencedirect.com,931471884-0,Male,Motorola,19.99,,,
351,Ingar,Ebbles,iebbles9q@phpbb.com,305058181-6,Male,Samsung,29.99,,,
352,Christi,Giblett,cgiblett9r@examiner.com,360681110-1,Female,Samsung,34.99,,,
353,Darrick,Guswell,dguswell9s@dion.ne.jp,275403350-5,Male,LG,39.99,,,
354,Nancee,Clavey,nclavey9t@businessweek.com,670499637-0,Female,Panasonic,17.99,,,
355,Risa,Gatus,rgatus9u@ihg.com,441739061-4,Female,Archos,9.99,,,
356,Mallorie,Carbry,mcarbry9v@patch.com,520286292-X,Female,BLU,49.99,,,
357,Lurleen,Galle,lgalle9w@discuz.net,285099877-X,Female,ZTE,19.99,,,
358,Mella,Rayson,mrayson9x@biglobe.ne.jp,523750924-X,Female,HTC,5.99,,,
359,Noby,Bore,nbore9y@bigcartel.com,774419992-8,Male,Samsung,22.99,,,
360,Meriel,Ledeker,mledeker9z@google.co.jp,623524031-7,Female,Motorola,69.99,,,
361,Pansy,Scothorne,pscothornea0@hostgator.com,288570893-X,Female,BLU,15.99,,,
362,Elvira,Cockaday,ecockadaya1@google.co.uk,696977106-7,Female,O2,39.99,,,
363,Katherine,Gommey,kgommeya2@nasa.gov,632590717-5,Female,ZTE,22.99,,,
364,Nathanil,Le Gallo,nlegalloa3@elpais.com,825147463-9,Genderqueer,Samsung,3.49,,,
365,Darius,Bumby,dbumbya4@arizona.edu,801616636-9,Male,Sony,49.99,,,
366,Kilian,Hugonet,khugoneta5@indiatimes.com,649375846-7,Male,Philips,4.99,,,
367,Charil,Folger,cfolgera6@jalbum.net,290348459-7,Female,verykool,6.49,,,
368,Zack,Allatt,zallatta7@topsy.com,881208487-7,Male,Wiko,3.59,,,
369,Edgar,Costy,ecostya8@admin.ch,102822592-X,Male,Samsung,2.99,,,
370,Isaiah,Buttress,ibuttressa9@sina.com.cn,242601146-7,Male,Mitsubishi,39.99,,,
371,Hervey,Maile,hmaileaa@posterous.com,055901286-1,Male,Posh,2.5,,,
372,Kincaid,Espinheira,kespinheiraab@scientificamerican.com,449904960-1,Male,ZTE,5.99,,,
373,Barn,Chaudhry,bchaudhryac@networkadvertising.org,068536659-6,Male,Asus,89.99,,,
374,Christopher,Traves,ctravesad@bbb.org,403710947-6,Male,Micromax,3.99,,,
375,Roland,Sandyford,rsandyfordae@tumblr.com,820880028-7,Male,BLU,29.99,,,
376,Gordy,Smerdon,gsmerdonaf@imdb.com,593045464-7,Male,Samsung,3.49,,,
377,Hillie,Ayliff,hayliffag@wsj.com,291520716-X,Male,T-Mobile,18.99,,,
378,Brannon,Myers,bmyersah@goodreads.com,019616915-1,Male,LG,2.49,,,
379,Jena,Easton,jeastonai@intel.com,303338820-5,Female,Honor,2.49,,,
380,Thurstan,Dillicate,tdillicateaj@utexas.edu,253390025-7,Male,Apple,29.99,,,
381,Glyn,Abbatucci,gabbatucciak@va.gov,126876830-8,Male,Asus,3.99,,,
382,Erhard,Meconi,emeconial@elegantthemes.com,296840887-9,Male,Meizu,19.99,,,
383,Claudette,Dighton,cdightonam@dedecms.com,560822019-6,Female,Pantech,79.99,,,
384,Selia,MacIllrick,smacillrickan@answers.com,433979990-4,Female,Samsung,9.99,,,
385,Hilary,Caghan,hcaghanao@psu.edu,813808621-1,Male,Samsung,2.79,,,
386,Taffy,Thalmann,tthalmannap@forbes.com,992428803-3,Female,Nokia,39.99,,,
387,Wyatt,Rosenhaus,wrosenhausaq@imageshack.us,973008547-1,Male,Oppo,29.99,,,
388,Joscelin,Dible,jdiblear@businessinsider.com,882500049-9,Female,Sewon,3.69,,,
389,Ava,Farahar,afaraharas@lycos.com,523634089-6,Female,Spice,19.99,,,
390,Elbertine,Cratere,ecratereat@ucoz.com,318055334-0,Female,BLU,1.29,,,
391,Yule,McGeachy,ymcgeachyau@biblegateway.com,665375439-1,Male,Motorola,59.99,,,
392,Tatiana,Gun,tgunav@4shared.com,925034768-5,Female,LG,8.49,,,
393,Ravid,Tesche,rtescheaw@cam.ac.uk,531090356-9,Male,Motorola,3.49,,,
394,Danita,Beach,dbeachax@cisco.com,418757811-0,Female,Samsung,14.99,,,
395,Shepard,Crowcroft,scrowcroftay@cdc.gov,977443429-3,Male,alcatel,179.99,,,
396,Karisa,Ensten,kenstenaz@shop-pro.jp,515200015-6,Female,Innostream,99.99,,,
397,Lion,Poate,lpoateb0@deliciousdays.com,824938344-3,Male,Icemobile,9.99,,,
398,Ewen,Phizaclea,ephizacleab1@sohu.com,480145904-8,Male,Micromax,24.99,,,
399,Clive,Garaghan,cgaraghanb2@dion.ne.jp,977507679-X,Male,Gigabyte,49.99,,,
400,Eleni,Care,ecareb3@epa.gov,771075470-8,Female,verykool,1.89,,,
401,Elwood,Lishmund,elishmundb4@dagondesign.com,080779986-6,Genderqueer,Huawei,18.99,,,
402,Ludvig,Thorington,lthoringtonb5@foxnews.com,847195266-1,Male,Sonim,4.99,,,
403,Adelaide,Handforth,ahandforthb6@webmd.com,791854338-6,Female,Micromax,3.49,,,
404,Jermayne,Chesnut,jchesnutb7@mediafire.com,951828696-5,Male,Allview,29.99,,,
405,Ted,Mullaney,tmullaneyb8@symantec.com,711800574-6,Male,verykool,2.49,,,
406,Virginia,Stile,vstileb9@ebay.com,918301581-7,Genderfluid,HP,89.99,,,
407,Che,Rosenfelder,crosenfelderba@cargocollective.com,371992039-9,Male,Micromax,199.99,,,
408,Paulita,MacKey,pmackeybb@tumblr.com,630826701-5,Female,Samsung,4.89,,,
409,Gibbie,Valasek,gvalasekbc@sfgate.com,303539202-1,Male,VK,199.99,,,
410,Malina,Winspurr,mwinspurrbd@yandex.ru,019142000-X,Female,Samsung,39.99,,,
411,Sukey,Tesdale,stesdalebe@amazon.com,266338793-2,Female,Prestigio,44.99,,,
412,Mellisent,Carmo,mcarmobf@bloomberg.com,315471461-8,Female,Micromax,1.69,,,
413,Les,Gelletly,lgelletlybg@google.ru,685155861-0,Male,HTC,3.99,,,
414,Brenda,Hargey,bhargeybh@discuz.net,137048913-7,Female,Bird,3.79,,,
415,Nev,Sheldon,nsheldonbi@ezinearticles.com,045638724-2,Male,Spice,3.99,,,
416,Karel,Giacubbo,kgiacubbobj@youtube.com,034777546-2,Male,Icemobile,24.99,,,
417,Lenore,Paulack,lpaulackbk@state.gov,991486958-0,Female,Celkon,3.99,,,
418,Lammond,Royall,lroyallbl@eepurl.com,090180631-5,Agender,Nokia,24.99,,,
419,Mabelle,Sowten,msowtenbm@taobao.com,758811387-1,Female,Archos,9.99,,,
420,Filippa,Bonhomme,fbonhommebn@reference.com,216153928-0,Female,Philips,3.99,,,
421,Rebecca,Cottie,rcottiebo@amazon.co.jp,801484521-8,Female,Celkon,12.99,,,
422,Nicola,Kiezler,nkiezlerbp@mysql.com,080768277-2,Male,Spice,3.99,,,
423,Brigg,Shilleto,bshilletobq@google.co.jp,963403133-1,Male,Lenovo,5.49,,,
424,Lenora,Tomkys,ltomkysbr@jiathis.com,301144686-5,Female,Sony,29.99,,,
425,Shari,Redgewell,sredgewellbs@webmd.com,471819910-7,Female,Nokia,5.99,,,
426,Cullin,Cholwell,ccholwellbt@clickbank.net,374415334-7,Male,Nokia,3.79,,,
427,Dolf,O'Hagirtie,dohagirtiebu@dropbox.com,290960590-6,Male,Celkon,79.99,,,
428,Waiter,Paxman,wpaxmanbv@mit.edu,926571746-7,Male,Oppo,349.99,,,
429,Karim,Tebbit,ktebbitbw@odnoklassniki.ru,855970732-8,Male,Huawei,3.79,,,
430,Solomon,Dyzart,sdyzartbx@elegantthemes.com,634192095-4,Agender,alcatel,19.99,,,
431,Pammy,Pottberry,ppottberryby@wikimedia.org,514137071-2,Female,Asus,2.99,,,
432,Lana,Janse,ljansebz@globo.com,843257063-X,Female,Nokia,5.49,,,
433,Anya,Godilington,agodilingtonc0@mapy.cz,493783722-2,Female,Toshiba,199.99,,,
434,Ivar,Seamons,iseamonsc1@sciencedirect.com,942021769-8,Male,LG,39,,,
435,Kalle,Noddings,knoddingsc2@facebook.com,643156495-2,Agender,vivo,19.99,,,
436,Paolo,Ascraft,pascraftc3@bloomberg.com,194664503-6,Male,Xiaomi,2.49,,,
437,Godfrey,Gant,ggantc4@tinypic.com,248626256-3,Male,alcatel,12.99,,,
438,Manon,Wateridge,mwateridgec5@feedburner.com,026985843-1,Female,BLU,9.99,,,
439,Hamil,Rowthorn,hrowthornc6@privacy.gov.au,908147138-4,Male,Sonim,14.99,,,
440,Konstantin,Dorant,kdorantc7@barnesandnoble.com,696261784-4,Male,Samsung,3.49,,,
441,Minetta,Kilfedder,mkilfedderc8@free.fr,467661937-5,Female,Archos,109.99,,,
442,Ursola,Ondricek,uondricekc9@seattletimes.com,625017911-9,Female,Asus,24.99,,,
443,Sharron,Purchall,spurchallca@acquirethisname.com,097664309-X,Female,ZTE,29.99,,,
444,Harlene,O'Henery,hohenerycb@hostgator.com,949279485-3,Female,Philips,24.99,,,
445,Vikky,Quinby,vquinbycc@ning.com,736010635-4,Female,Sagem,5.29,,,
446,Nixie,Soppit,nsoppitcd@senate.gov,821013402-7,Genderfluid,Archos,39.99,,,
447,Berne,Richichi,brichichice@macromedia.com,994308667-X,Male,Motorola,3.29,,,
448,Nellie,Kynoch,nkynochcf@jugem.jp,513026249-2,Female,alcatel,4.29,,,
449,Goddart,Quadri,gquadricg@comcast.net,295732687-6,Male,Yezz,3.99,,,
450,Ashbey,Verdy,averdych@ca.gov,485328147-9,Male,verykool,3.29,,,
451,Ranice,Whaites,rwhaitesci@go.com,984267372-3,Agender,Energizer,2.99,,,
452,Skell,Ghidotti,sghidotticj@japanpost.jp,242314294-3,Male,LG,2.49,,,
453,Paula,Fawke,pfawkeck@comsenz.com,036854779-5,Female,Allview,5.99,,,
454,Jewell,Durrans,jdurranscl@wunderground.com,360734256-3,Female,alcatel,12.99,,,
455,Agneta,Letessier,aletessiercm@accuweather.com,992879122-8,Female,Samsung,3.99,,,
456,Durante,Greensted,dgreenstedcn@ox.ac.uk,361820304-7,Male,BlackBerry,3.29,,,
457,Dorotea,Claybourne,dclaybourneco@github.com,555351375-8,Female,Posh,3.49,,,
458,Beverley,Kimmince,bkimmincecp@jalbum.net,488328232-5,Female,BLU,59.99,,,
459,Koressa,Izon,kizoncq@soundcloud.com,073421019-1,Female,Motorola,29.99,,,
460,Bobbee,Reddington,breddingtoncr@wiley.com,758955615-7,Female,Sagem,39.99,,,
461,Brett,Huckabe,bhuckabecs@diigo.com,911584881-7,Female,T-Mobile,3.99,,,
462,Ned,Bindley,nbindleyct@free.fr,184635438-2,Bigender,Acer,2.89,,,
463,Joye,Beart,jbeartcu@wp.com,054424111-8,Female,Plum,4.99,,,
464,Yank,Thurstan,ythurstancv@trellian.com,962153508-5,Male,Samsung,9.99,,,
465,Orsola,Collomosse,ocollomossecw@cisco.com,210684757-2,Female,Huawei,19.99,,,
466,Vevay,Skyppe,vskyppecx@businessweek.com,950250835-1,Female,Telit,39.99,,,
467,Nannie,Pearsey,npearseycy@behance.net,491028661-6,Female,verykool,3.29,,,
468,Aimil,Pallis,apalliscz@themeforest.net,186062044-2,Female,NEC,4.29,,,
469,Lothario,McDougall,lmcdougalld0@youtu.be,089323474-5,Male,Motorola,4.49,,,
470,Jeanna,Bryenton,jbryentond1@google.fr,274622729-0,Female,alcatel,1.89,,,
471,Lettie,Rusk,lruskd2@indiatimes.com,176442136-1,Female,Ericsson,29.99,,,
472,Maire,Bruckstein,mbrucksteind3@usda.gov,467251321-1,Female,Maxwest,19.99,,,
473,Krishna,Brimman,kbrimmand4@un.org,948124338-9,Male,Samsung,5.99,,,
474,Nancie,Purviss,npurvissd5@umich.edu,877460321-3,Female,Samsung,79.99,,,
475,Flint,Dyet,fdyetd6@epa.gov,996107582-X,Male,Meizu,39.99,,,
476,Ginni,Westcar,gwestcard7@t.co,415948004-7,Polygender,Motorola,34.99,,,
477,Gib,Flinders,gflindersd8@yahoo.co.jp,685497343-0,Male,VK,39.99,,,
478,Royall,Goulder,rgoulderd9@japanpost.jp,038930513-8,Genderqueer,Xiaomi,4.29,,,
479,Sumner,Doud,sdoudda@vinaora.com,584611505-5,Male,Nokia,4.99,,,
480,Efren,Akess,eakessdb@mit.edu,405830514-2,Non-binary,Samsung,99.99,,,
481,Skipp,Fewster,sfewsterdc@utexas.edu,290663766-1,Male,Apple,15.99,,,
482,Maisie,Vickerman,mvickermandd@unc.edu,848797279-9,Female,Huawei,5.99,,,
483,Shell,Hails,shailsde@loc.gov,299554076-6,Male,Realme,1.29,,,
484,Bernetta,Sheavills,bsheavillsdf@cargocollective.com,812804219-X,Female,Philips,49.99,,,
485,Hermina,Jemmison,hjemmisondg@redcross.org,251852723-0,Female,Oppo,6.29,,,
486,Erick,Berthon,eberthondh@youtu.be,388836778-6,Bigender,Siemens,7.49,,,
487,Bartlet,Blesli,bbleslidi@ocn.ne.jp,288773553-5,Male,Nokia,29.99,,,
488,Consolata,Noar,cnoardj@engadget.com,470405816-6,Female,Nokia,24.99,,,
489,Lindsay,Durnall,ldurnalldk@wikia.com,130334617-6,Male,vivo,29.99,,,
490,Amalee,Dressel,adresseldl@narod.ru,752090088-6,Female,T-Mobile,49.99,,,
491,Sonja,Buxsy,sbuxsydm@pen.io,570581266-3,Female,BQ,19.99,,,
492,John,Churchouse,jchurchousedn@google.com.au,325728057-2,Male,Plum,109.99,,,
493,Zebulen,Tretter,ztretterdo@telegraph.co.uk,442502281-5,Genderfluid,Motorola,89.99,,,
494,Gerard,Foulger,gfoulgerdp@craigslist.org,224890411-8,Male,Philips,14.99,,,
495,Roxanne,Veall,rvealldq@nymag.com,446262237-5,Female,Honor,4.49,,,
496,Bernadine,Kose,bkosedr@nih.gov,211791198-6,Female,Vodafone,19.99,,,
497,Jervis,Belderfield,jbelderfieldds@ocn.ne.jp,257460522-5,Male,Samsung,12.99,,,
498,Raquel,Doncaster,rdoncasterdt@t-online.de,562460650-8,Female,Spice,15.99,,,
499,Dave,Mucklestone,dmucklestonedu@dot.gov,886027616-0,Male,Samsung,2.59,,,
500,Raynor,Fransoni,rfransonidv@wisc.edu,160772695-5,Male,BLU,32.99,,,
,,,,,,,,,,
,,,,,,,,,,
,,,,,,,,,,
,,,,,,,,,,
,,,,,,,,,,
,,,,,,,,,,
,,,,,,,,,,
,,,,,,,,,,
,,,,,,,,,,
,,,,,,,,,,
,,,,,,,,,,
,,,,,,,,,,
,,,,,,,,,,
,,,,,,,,,,
,,,,,,,,,,
,,,,,,,,,,
,,,,,,,,,,
,,,,,,,,,,
,,,,,,,,,,
,,,,,,,,,,
,,,,,,,,,,
,,,,,,,,,,
,,,,,,,,,,
,,,,,,,,,,
,,,,,,,,,,
,,,,,,,,,,
,,,,,,,,,,
,,,,,,,,,,
,,,,,,,,,,
,,,,,,,,,,
,,,,,,,,,,
,,,,,,,,,,
,,,,,,,,,,
,,,,,,,,,,
,,,,,,,,,,
,,,,,,,,,,
,,,,,,,,,,
,,,,,,,,,,
,,,,,,,,,,
